<?xml version="1.0" encoding="utf-8"?>
<databaseChangeLog
        xmlns="http://www.liquibase.org/xml/ns/dbchangelog"
        xmlns:ext="http://www.liquibase.org/xml/ns/dbchangelog-ext"
        xmlns:xsi="http://www.w3.org/2001/XMLSchema-instance"
        xsi:schemaLocation="http://www.liquibase.org/xml/ns/dbchangelog http://www.liquibase.org/xml/ns/dbchangelog/dbchangelog-4.3.xsd
                        http://www.liquibase.org/xml/ns/dbchangelog-ext http://www.liquibase.org/xml/ns/dbchangelog/dbchangelog-ext.xsd">

    <changeSet id="20231009000500" author="jicay">
        <preConditions onFail="MARK_RAN">
            <not>
                <tableExists tableName="book" />
            </not>
        </preConditions>
        <createTable tableName="book">
            <column name="id" type="int">
                <constraints nullable="false" />
            </column>
            <column name="title" type="varchar">
                <constraints nullable="false" />
            </column>
            <column name="author" type="varchar">
                <constraints nullable="false" />
            </column>
        </createTable>

        <addPrimaryKey columnNames="id" tableName="book" />

        <addAutoIncrement tableName="book" columnName="id" />
    </changeSet>

</databaseChangeLog>
